<?xml version="1.0" encoding="UTF-8"?>
<BaliMessageLog>
    <Task name="LSE_Compile">
        <Message>
            <ID>35002000</ID>
            <Severity>Info</Severity>
        </Message>
        <Message>
            <ID>35001781</ID>
            <Severity>Info</Severity>
        </Message>
        <Message>
            <ID>35901018</ID>
            <Severity>Info</Severity>
            <Dynamic>c:/users/10798/desktop/fpga/dds_demo02/main.v(1): </Dynamic>
            <Dynamic>main</Dynamic>
            <Navigation>c:/users/10798/desktop/fpga/dds_demo02/main.v</Navigation>
            <Navigation>1</Navigation>
        </Message>
        <Message>
            <ID>35901018</ID>
            <Severity>Info</Severity>
            <Dynamic>c:/users/10798/desktop/fpga/dds_demo02/button.v(1): </Dynamic>
            <Dynamic>button(N=2'b10)</Dynamic>
            <Navigation>c:/users/10798/desktop/fpga/dds_demo02/button.v</Navigation>
            <Navigation>1</Navigation>
        </Message>
        <Message>
            <ID>35901018</ID>
            <Severity>Info</Severity>
            <Dynamic>c:/users/10798/desktop/fpga/dds_demo02/encoder.v(1): </Dynamic>
            <Dynamic>encoder</Dynamic>
            <Navigation>c:/users/10798/desktop/fpga/dds_demo02/encoder.v</Navigation>
            <Navigation>1</Navigation>
        </Message>
        <Message>
            <ID>35901018</ID>
            <Severity>Info</Severity>
            <Dynamic>c:/users/10798/desktop/fpga/dds_demo02/dds_pll.v(8): </Dynamic>
            <Dynamic>dds_pll</Dynamic>
            <Navigation>c:/users/10798/desktop/fpga/dds_demo02/dds_pll.v</Navigation>
            <Navigation>8</Navigation>
        </Message>
        <Message>
            <ID>35901018</ID>
            <Severity>Info</Severity>
            <Dynamic>D:/Program Files/lscc/diamond/3.10_x64/ispfpga/userware/NT/SYNTHESIS_HEADERS/machxo2.v(1124): </Dynamic>
            <Dynamic>VLO</Dynamic>
            <Navigation>D:/Program Files/lscc/diamond/3.10_x64/ispfpga/userware/NT/SYNTHESIS_HEADERS/machxo2.v</Navigation>
            <Navigation>1124</Navigation>
        </Message>
        <Message>
            <ID>35901018</ID>
            <Severity>Info</Severity>
            <Dynamic>D:/Program Files/lscc/diamond/3.10_x64/ispfpga/userware/NT/SYNTHESIS_HEADERS/machxo2.v(1730): </Dynamic>
            <Dynamic>EHXPLLJ(CLKFB_DIV=10,CLKOP_DIV=4,CLKOS_DIV=1,CLKOS2_DIV=1,CLKOS3_DIV=1,CLKOS_ENABLE=&quot;DISABLED&quot;,CLKOS2_ENABLE=&quot;DISABLED&quot;,CLKOS3_ENABLE=&quot;DISABLED&quot;,CLKOP_CPHASE=3,CLKOS_TRIM_POL=&quot;FALLING&quot;)</Dynamic>
            <Navigation>D:/Program Files/lscc/diamond/3.10_x64/ispfpga/userware/NT/SYNTHESIS_HEADERS/machxo2.v</Navigation>
            <Navigation>1730</Navigation>
        </Message>
        <Message>
            <ID>35901018</ID>
            <Severity>Info</Severity>
            <Dynamic>c:/users/10798/desktop/fpga/dds_demo02/dds.v(1): </Dynamic>
            <Dynamic>dds</Dynamic>
            <Navigation>c:/users/10798/desktop/fpga/dds_demo02/dds.v</Navigation>
            <Navigation>1</Navigation>
        </Message>
        <Message>
            <ID>35901018</ID>
            <Severity>Info</Severity>
            <Dynamic>c:/users/10798/desktop/fpga/dds_demo02/dds_sin_table.v(8): </Dynamic>
            <Dynamic>dds_sin_table</Dynamic>
            <Navigation>c:/users/10798/desktop/fpga/dds_demo02/dds_sin_table.v</Navigation>
            <Navigation>8</Navigation>
        </Message>
        <Message>
            <ID>35901018</ID>
            <Severity>Info</Severity>
            <Dynamic>D:/Program Files/lscc/diamond/3.10_x64/ispfpga/userware/NT/SYNTHESIS_HEADERS/machxo2.v(563): </Dynamic>
            <Dynamic>INV</Dynamic>
            <Navigation>D:/Program Files/lscc/diamond/3.10_x64/ispfpga/userware/NT/SYNTHESIS_HEADERS/machxo2.v</Navigation>
            <Navigation>563</Navigation>
        </Message>
        <Message>
            <ID>35901018</ID>
            <Severity>Info</Severity>
            <Dynamic>D:/Program Files/lscc/diamond/3.10_x64/ispfpga/userware/NT/SYNTHESIS_HEADERS/machxo2.v(1051): </Dynamic>
            <Dynamic>ROM16X1A(initval=16'b1111111111111110)</Dynamic>
            <Navigation>D:/Program Files/lscc/diamond/3.10_x64/ispfpga/userware/NT/SYNTHESIS_HEADERS/machxo2.v</Navigation>
            <Navigation>1051</Navigation>
        </Message>
        <Message>
            <ID>35901018</ID>
            <Severity>Info</Severity>
            <Dynamic>D:/Program Files/lscc/diamond/3.10_x64/ispfpga/userware/NT/SYNTHESIS_HEADERS/machxo2.v(43): </Dynamic>
            <Dynamic>AND2</Dynamic>
            <Navigation>D:/Program Files/lscc/diamond/3.10_x64/ispfpga/userware/NT/SYNTHESIS_HEADERS/machxo2.v</Navigation>
            <Navigation>43</Navigation>
        </Message>
        <Message>
            <ID>35901018</ID>
            <Severity>Info</Severity>
            <Dynamic>D:/Program Files/lscc/diamond/3.10_x64/ispfpga/userware/NT/SYNTHESIS_HEADERS/machxo2.v(187): </Dynamic>
            <Dynamic>FD1P3DX</Dynamic>
            <Navigation>D:/Program Files/lscc/diamond/3.10_x64/ispfpga/userware/NT/SYNTHESIS_HEADERS/machxo2.v</Navigation>
            <Navigation>187</Navigation>
        </Message>
        <Message>
            <ID>35901018</ID>
            <Severity>Info</Severity>
            <Dynamic>D:/Program Files/lscc/diamond/3.10_x64/ispfpga/userware/NT/SYNTHESIS_HEADERS/machxo2.v(723): </Dynamic>
            <Dynamic>MUX21</Dynamic>
            <Navigation>D:/Program Files/lscc/diamond/3.10_x64/ispfpga/userware/NT/SYNTHESIS_HEADERS/machxo2.v</Navigation>
            <Navigation>723</Navigation>
        </Message>
        <Message>
            <ID>35901018</ID>
            <Severity>Info</Severity>
            <Dynamic>D:/Program Files/lscc/diamond/3.10_x64/ispfpga/userware/NT/SYNTHESIS_HEADERS/machxo2.v(138): </Dynamic>
            <Dynamic>FADD2B</Dynamic>
            <Navigation>D:/Program Files/lscc/diamond/3.10_x64/ispfpga/userware/NT/SYNTHESIS_HEADERS/machxo2.v</Navigation>
            <Navigation>138</Navigation>
        </Message>
        <Message>
            <ID>35901018</ID>
            <Severity>Info</Severity>
            <Dynamic>D:/Program Files/lscc/diamond/3.10_x64/ispfpga/userware/NT/SYNTHESIS_HEADERS/machxo2.v(1089): </Dynamic>
            <Dynamic>ROM64X1A</Dynamic>
            <Navigation>D:/Program Files/lscc/diamond/3.10_x64/ispfpga/userware/NT/SYNTHESIS_HEADERS/machxo2.v</Navigation>
            <Navigation>1089</Navigation>
        </Message>
        <Message>
            <ID>35901018</ID>
            <Severity>Info</Severity>
            <Dynamic>D:/Program Files/lscc/diamond/3.10_x64/ispfpga/userware/NT/SYNTHESIS_HEADERS/machxo2.v(1089): </Dynamic>
            <Dynamic>ROM64X1A(initval=64'b0111)</Dynamic>
            <Navigation>D:/Program Files/lscc/diamond/3.10_x64/ispfpga/userware/NT/SYNTHESIS_HEADERS/machxo2.v</Navigation>
            <Navigation>1089</Navigation>
        </Message>
        <Message>
            <ID>35901018</ID>
            <Severity>Info</Severity>
            <Dynamic>D:/Program Files/lscc/diamond/3.10_x64/ispfpga/userware/NT/SYNTHESIS_HEADERS/machxo2.v(1089): </Dynamic>
            <Dynamic>ROM64X1A(initval=64'b01111111111111111111111111111111111111111000)</Dynamic>
            <Navigation>D:/Program Files/lscc/diamond/3.10_x64/ispfpga/userware/NT/SYNTHESIS_HEADERS/machxo2.v</Navigation>
            <Navigation>1089</Navigation>
        </Message>
        <Message>
            <ID>35901018</ID>
            <Severity>Info</Severity>
            <Dynamic>D:/Program Files/lscc/diamond/3.10_x64/ispfpga/userware/NT/SYNTHESIS_HEADERS/machxo2.v(1089): </Dynamic>
            <Dynamic>ROM64X1A(initval=64'b0111111111110000000000000111111111111111111111111111000)</Dynamic>
            <Navigation>D:/Program Files/lscc/diamond/3.10_x64/ispfpga/userware/NT/SYNTHESIS_HEADERS/machxo2.v</Navigation>
            <Navigation>1089</Navigation>
        </Message>
        <Message>
            <ID>35901018</ID>
            <Severity>Info</Severity>
            <Dynamic>D:/Program Files/lscc/diamond/3.10_x64/ispfpga/userware/NT/SYNTHESIS_HEADERS/machxo2.v(1089): </Dynamic>
            <Dynamic>ROM64X1A(initval=64'b011111000001111110000001111111000000000111111111111111111000)</Dynamic>
            <Navigation>D:/Program Files/lscc/diamond/3.10_x64/ispfpga/userware/NT/SYNTHESIS_HEADERS/machxo2.v</Navigation>
            <Navigation>1089</Navigation>
        </Message>
        <Message>
            <ID>35901018</ID>
            <Severity>Info</Severity>
            <Dynamic>D:/Program Files/lscc/diamond/3.10_x64/ispfpga/userware/NT/SYNTHESIS_HEADERS/machxo2.v(1089): </Dynamic>
            <Dynamic>ROM64X1A(initval=64'b011100111001110001110001110001111000011111000000111111111111000)</Dynamic>
            <Navigation>D:/Program Files/lscc/diamond/3.10_x64/ispfpga/userware/NT/SYNTHESIS_HEADERS/machxo2.v</Navigation>
            <Navigation>1089</Navigation>
        </Message>
        <Message>
            <ID>35901018</ID>
            <Severity>Info</Severity>
            <Dynamic>D:/Program Files/lscc/diamond/3.10_x64/ispfpga/userware/NT/SYNTHESIS_HEADERS/machxo2.v(1089): </Dynamic>
            <Dynamic>ROM64X1A(initval=64'b0101101011010010110110110110010011001100111000111000011111111000)</Dynamic>
            <Navigation>D:/Program Files/lscc/diamond/3.10_x64/ispfpga/userware/NT/SYNTHESIS_HEADERS/machxo2.v</Navigation>
            <Navigation>1089</Navigation>
        </Message>
        <Message>
            <ID>35901018</ID>
            <Severity>Info</Severity>
            <Dynamic>D:/Program Files/lscc/diamond/3.10_x64/ispfpga/userware/NT/SYNTHESIS_HEADERS/machxo2.v(1089): </Dynamic>
            <Dynamic>ROM64X1A(initval=64'b1100111001100110010011010010110101010101011011011001100011111000)</Dynamic>
            <Navigation>D:/Program Files/lscc/diamond/3.10_x64/ispfpga/userware/NT/SYNTHESIS_HEADERS/machxo2.v</Navigation>
            <Navigation>1089</Navigation>
        </Message>
        <Message>
            <ID>35901018</ID>
            <Severity>Info</Severity>
            <Dynamic>D:/Program Files/lscc/diamond/3.10_x64/ispfpga/userware/NT/SYNTHESIS_HEADERS/machxo2.v(1089): </Dynamic>
            <Dynamic>ROM64X1A(initval=64'b1010110101010101001010011001100001111100001101101010101100111000)</Dynamic>
            <Navigation>D:/Program Files/lscc/diamond/3.10_x64/ispfpga/userware/NT/SYNTHESIS_HEADERS/machxo2.v</Navigation>
            <Navigation>1089</Navigation>
        </Message>
        <Message>
            <ID>35901018</ID>
            <Severity>Info</Severity>
            <Dynamic>D:/Program Files/lscc/diamond/3.10_x64/ispfpga/userware/NT/SYNTHESIS_HEADERS/machxo2.v(1089): </Dynamic>
            <Dynamic>ROM64X1A(initval=64'b0111100000000000011100101010101110000011001011011111100101011000)</Dynamic>
            <Navigation>D:/Program Files/lscc/diamond/3.10_x64/ispfpga/userware/NT/SYNTHESIS_HEADERS/machxo2.v</Navigation>
            <Navigation>1089</Navigation>
        </Message>
        <Message>
            <ID>35901018</ID>
            <Severity>Info</Severity>
            <Dynamic>D:/Program Files/lscc/diamond/3.10_x64/ispfpga/userware/NT/SYNTHESIS_HEADERS/machxo2.v(1120): </Dynamic>
            <Dynamic>VHI</Dynamic>
            <Navigation>D:/Program Files/lscc/diamond/3.10_x64/ispfpga/userware/NT/SYNTHESIS_HEADERS/machxo2.v</Navigation>
            <Navigation>1120</Navigation>
        </Message>
    </Task>
    <Task name="Lattice_Synthesis">
        <Message>
            <ID>35002000</ID>
            <Severity>Info</Severity>
        </Message>
        <Message>
            <ID>35001781</ID>
            <Severity>Info</Severity>
        </Message>
        <Message>
            <ID>35901018</ID>
            <Severity>Info</Severity>
            <Dynamic>c:/users/10798/desktop/fpga/dds_demo02/main.v(1): </Dynamic>
            <Dynamic>main</Dynamic>
            <Navigation>c:/users/10798/desktop/fpga/dds_demo02/main.v</Navigation>
            <Navigation>1</Navigation>
        </Message>
        <Message>
            <ID>35901018</ID>
            <Severity>Info</Severity>
            <Dynamic>c:/users/10798/desktop/fpga/dds_demo02/button.v(1): </Dynamic>
            <Dynamic>button(N=2'b10)</Dynamic>
            <Navigation>c:/users/10798/desktop/fpga/dds_demo02/button.v</Navigation>
            <Navigation>1</Navigation>
        </Message>
        <Message>
            <ID>35901018</ID>
            <Severity>Info</Severity>
            <Dynamic>c:/users/10798/desktop/fpga/dds_demo02/encoder.v(1): </Dynamic>
            <Dynamic>encoder</Dynamic>
            <Navigation>c:/users/10798/desktop/fpga/dds_demo02/encoder.v</Navigation>
            <Navigation>1</Navigation>
        </Message>
        <Message>
            <ID>35901018</ID>
            <Severity>Info</Severity>
            <Dynamic>c:/users/10798/desktop/fpga/dds_demo02/dds_fm.v(1): </Dynamic>
            <Dynamic>dds_fm</Dynamic>
            <Navigation>c:/users/10798/desktop/fpga/dds_demo02/dds_fm.v</Navigation>
            <Navigation>1</Navigation>
        </Message>
        <Message>
            <ID>35901018</ID>
            <Severity>Info</Severity>
            <Dynamic>c:/users/10798/desktop/fpga/dds_demo02/dds_am.v(1): </Dynamic>
            <Dynamic>dds_am</Dynamic>
            <Navigation>c:/users/10798/desktop/fpga/dds_demo02/dds_am.v</Navigation>
            <Navigation>1</Navigation>
        </Message>
        <Message>
            <ID>35901018</ID>
            <Severity>Info</Severity>
            <Dynamic>c:/users/10798/desktop/fpga/dds_demo02/dds_pll.v(8): </Dynamic>
            <Dynamic>dds_pll</Dynamic>
            <Navigation>c:/users/10798/desktop/fpga/dds_demo02/dds_pll.v</Navigation>
            <Navigation>8</Navigation>
        </Message>
        <Message>
            <ID>35901018</ID>
            <Severity>Info</Severity>
            <Dynamic>D:/Program Files/lscc/diamond/3.10_x64/ispfpga/userware/NT/SYNTHESIS_HEADERS/machxo2.v(1124): </Dynamic>
            <Dynamic>VLO</Dynamic>
            <Navigation>D:/Program Files/lscc/diamond/3.10_x64/ispfpga/userware/NT/SYNTHESIS_HEADERS/machxo2.v</Navigation>
            <Navigation>1124</Navigation>
        </Message>
        <Message>
            <ID>35901018</ID>
            <Severity>Info</Severity>
            <Dynamic>D:/Program Files/lscc/diamond/3.10_x64/ispfpga/userware/NT/SYNTHESIS_HEADERS/machxo2.v(1730): </Dynamic>
            <Dynamic>EHXPLLJ(CLKFB_DIV=10,CLKOP_DIV=4,CLKOS_DIV=1,CLKOS2_DIV=1,CLKOS3_DIV=1,CLKOS_ENABLE=&quot;DISABLED&quot;,CLKOS2_ENABLE=&quot;DISABLED&quot;,CLKOS3_ENABLE=&quot;DISABLED&quot;,CLKOP_CPHASE=3,CLKOS_TRIM_POL=&quot;FALLING&quot;)</Dynamic>
            <Navigation>D:/Program Files/lscc/diamond/3.10_x64/ispfpga/userware/NT/SYNTHESIS_HEADERS/machxo2.v</Navigation>
            <Navigation>1730</Navigation>
        </Message>
        <Message>
            <ID>35901018</ID>
            <Severity>Info</Severity>
            <Dynamic>c:/users/10798/desktop/fpga/dds_demo02/dds.v(1): </Dynamic>
            <Dynamic>dds</Dynamic>
            <Navigation>c:/users/10798/desktop/fpga/dds_demo02/dds.v</Navigation>
            <Navigation>1</Navigation>
        </Message>
        <Message>
            <ID>35901018</ID>
            <Severity>Info</Severity>
            <Dynamic>c:/users/10798/desktop/fpga/dds_demo02/dds_sin_table.v(8): </Dynamic>
            <Dynamic>dds_sin_table</Dynamic>
            <Navigation>c:/users/10798/desktop/fpga/dds_demo02/dds_sin_table.v</Navigation>
            <Navigation>8</Navigation>
        </Message>
        <Message>
            <ID>35901018</ID>
            <Severity>Info</Severity>
            <Dynamic>D:/Program Files/lscc/diamond/3.10_x64/ispfpga/userware/NT/SYNTHESIS_HEADERS/machxo2.v(563): </Dynamic>
            <Dynamic>INV</Dynamic>
            <Navigation>D:/Program Files/lscc/diamond/3.10_x64/ispfpga/userware/NT/SYNTHESIS_HEADERS/machxo2.v</Navigation>
            <Navigation>563</Navigation>
        </Message>
        <Message>
            <ID>35901018</ID>
            <Severity>Info</Severity>
            <Dynamic>D:/Program Files/lscc/diamond/3.10_x64/ispfpga/userware/NT/SYNTHESIS_HEADERS/machxo2.v(1051): </Dynamic>
            <Dynamic>ROM16X1A(initval=16'b1111111111111110)</Dynamic>
            <Navigation>D:/Program Files/lscc/diamond/3.10_x64/ispfpga/userware/NT/SYNTHESIS_HEADERS/machxo2.v</Navigation>
            <Navigation>1051</Navigation>
        </Message>
        <Message>
            <ID>35901018</ID>
            <Severity>Info</Severity>
            <Dynamic>D:/Program Files/lscc/diamond/3.10_x64/ispfpga/userware/NT/SYNTHESIS_HEADERS/machxo2.v(43): </Dynamic>
            <Dynamic>AND2</Dynamic>
            <Navigation>D:/Program Files/lscc/diamond/3.10_x64/ispfpga/userware/NT/SYNTHESIS_HEADERS/machxo2.v</Navigation>
            <Navigation>43</Navigation>
        </Message>
        <Message>
            <ID>35901018</ID>
            <Severity>Info</Severity>
            <Dynamic>D:/Program Files/lscc/diamond/3.10_x64/ispfpga/userware/NT/SYNTHESIS_HEADERS/machxo2.v(187): </Dynamic>
            <Dynamic>FD1P3DX</Dynamic>
            <Navigation>D:/Program Files/lscc/diamond/3.10_x64/ispfpga/userware/NT/SYNTHESIS_HEADERS/machxo2.v</Navigation>
            <Navigation>187</Navigation>
        </Message>
        <Message>
            <ID>35901018</ID>
            <Severity>Info</Severity>
            <Dynamic>D:/Program Files/lscc/diamond/3.10_x64/ispfpga/userware/NT/SYNTHESIS_HEADERS/machxo2.v(723): </Dynamic>
            <Dynamic>MUX21</Dynamic>
            <Navigation>D:/Program Files/lscc/diamond/3.10_x64/ispfpga/userware/NT/SYNTHESIS_HEADERS/machxo2.v</Navigation>
            <Navigation>723</Navigation>
        </Message>
        <Message>
            <ID>35901018</ID>
            <Severity>Info</Severity>
            <Dynamic>D:/Program Files/lscc/diamond/3.10_x64/ispfpga/userware/NT/SYNTHESIS_HEADERS/machxo2.v(138): </Dynamic>
            <Dynamic>FADD2B</Dynamic>
            <Navigation>D:/Program Files/lscc/diamond/3.10_x64/ispfpga/userware/NT/SYNTHESIS_HEADERS/machxo2.v</Navigation>
            <Navigation>138</Navigation>
        </Message>
        <Message>
            <ID>35901018</ID>
            <Severity>Info</Severity>
            <Dynamic>D:/Program Files/lscc/diamond/3.10_x64/ispfpga/userware/NT/SYNTHESIS_HEADERS/machxo2.v(1089): </Dynamic>
            <Dynamic>ROM64X1A</Dynamic>
            <Navigation>D:/Program Files/lscc/diamond/3.10_x64/ispfpga/userware/NT/SYNTHESIS_HEADERS/machxo2.v</Navigation>
            <Navigation>1089</Navigation>
        </Message>
        <Message>
            <ID>35901018</ID>
            <Severity>Info</Severity>
            <Dynamic>D:/Program Files/lscc/diamond/3.10_x64/ispfpga/userware/NT/SYNTHESIS_HEADERS/machxo2.v(1089): </Dynamic>
            <Dynamic>ROM64X1A(initval=64'b0111)</Dynamic>
            <Navigation>D:/Program Files/lscc/diamond/3.10_x64/ispfpga/userware/NT/SYNTHESIS_HEADERS/machxo2.v</Navigation>
            <Navigation>1089</Navigation>
        </Message>
        <Message>
            <ID>35901018</ID>
            <Severity>Info</Severity>
            <Dynamic>D:/Program Files/lscc/diamond/3.10_x64/ispfpga/userware/NT/SYNTHESIS_HEADERS/machxo2.v(1089): </Dynamic>
            <Dynamic>ROM64X1A(initval=64'b01111111111111111111111111111111111111111000)</Dynamic>
            <Navigation>D:/Program Files/lscc/diamond/3.10_x64/ispfpga/userware/NT/SYNTHESIS_HEADERS/machxo2.v</Navigation>
            <Navigation>1089</Navigation>
        </Message>
        <Message>
            <ID>35901018</ID>
            <Severity>Info</Severity>
            <Dynamic>D:/Program Files/lscc/diamond/3.10_x64/ispfpga/userware/NT/SYNTHESIS_HEADERS/machxo2.v(1089): </Dynamic>
            <Dynamic>ROM64X1A(initval=64'b0111111111110000000000000111111111111111111111111111000)</Dynamic>
            <Navigation>D:/Program Files/lscc/diamond/3.10_x64/ispfpga/userware/NT/SYNTHESIS_HEADERS/machxo2.v</Navigation>
            <Navigation>1089</Navigation>
        </Message>
        <Message>
            <ID>35901018</ID>
            <Severity>Info</Severity>
            <Dynamic>D:/Program Files/lscc/diamond/3.10_x64/ispfpga/userware/NT/SYNTHESIS_HEADERS/machxo2.v(1089): </Dynamic>
            <Dynamic>ROM64X1A(initval=64'b011111000001111110000001111111000000000111111111111111111000)</Dynamic>
            <Navigation>D:/Program Files/lscc/diamond/3.10_x64/ispfpga/userware/NT/SYNTHESIS_HEADERS/machxo2.v</Navigation>
            <Navigation>1089</Navigation>
        </Message>
        <Message>
            <ID>35901018</ID>
            <Severity>Info</Severity>
            <Dynamic>D:/Program Files/lscc/diamond/3.10_x64/ispfpga/userware/NT/SYNTHESIS_HEADERS/machxo2.v(1089): </Dynamic>
            <Dynamic>ROM64X1A(initval=64'b011100111001110001110001110001111000011111000000111111111111000)</Dynamic>
            <Navigation>D:/Program Files/lscc/diamond/3.10_x64/ispfpga/userware/NT/SYNTHESIS_HEADERS/machxo2.v</Navigation>
            <Navigation>1089</Navigation>
        </Message>
        <Message>
            <ID>35901018</ID>
            <Severity>Info</Severity>
            <Dynamic>D:/Program Files/lscc/diamond/3.10_x64/ispfpga/userware/NT/SYNTHESIS_HEADERS/machxo2.v(1089): </Dynamic>
            <Dynamic>ROM64X1A(initval=64'b0101101011010010110110110110010011001100111000111000011111111000)</Dynamic>
            <Navigation>D:/Program Files/lscc/diamond/3.10_x64/ispfpga/userware/NT/SYNTHESIS_HEADERS/machxo2.v</Navigation>
            <Navigation>1089</Navigation>
        </Message>
        <Message>
            <ID>35901018</ID>
            <Severity>Info</Severity>
            <Dynamic>D:/Program Files/lscc/diamond/3.10_x64/ispfpga/userware/NT/SYNTHESIS_HEADERS/machxo2.v(1089): </Dynamic>
            <Dynamic>ROM64X1A(initval=64'b1100111001100110010011010010110101010101011011011001100011111000)</Dynamic>
            <Navigation>D:/Program Files/lscc/diamond/3.10_x64/ispfpga/userware/NT/SYNTHESIS_HEADERS/machxo2.v</Navigation>
            <Navigation>1089</Navigation>
        </Message>
        <Message>
            <ID>35901018</ID>
            <Severity>Info</Severity>
            <Dynamic>D:/Program Files/lscc/diamond/3.10_x64/ispfpga/userware/NT/SYNTHESIS_HEADERS/machxo2.v(1089): </Dynamic>
            <Dynamic>ROM64X1A(initval=64'b1010110101010101001010011001100001111100001101101010101100111000)</Dynamic>
            <Navigation>D:/Program Files/lscc/diamond/3.10_x64/ispfpga/userware/NT/SYNTHESIS_HEADERS/machxo2.v</Navigation>
            <Navigation>1089</Navigation>
        </Message>
        <Message>
            <ID>35901018</ID>
            <Severity>Info</Severity>
            <Dynamic>D:/Program Files/lscc/diamond/3.10_x64/ispfpga/userware/NT/SYNTHESIS_HEADERS/machxo2.v(1089): </Dynamic>
            <Dynamic>ROM64X1A(initval=64'b0111100000000000011100101010101110000011001011011111100101011000)</Dynamic>
            <Navigation>D:/Program Files/lscc/diamond/3.10_x64/ispfpga/userware/NT/SYNTHESIS_HEADERS/machxo2.v</Navigation>
            <Navigation>1089</Navigation>
        </Message>
        <Message>
            <ID>35901018</ID>
            <Severity>Info</Severity>
            <Dynamic>D:/Program Files/lscc/diamond/3.10_x64/ispfpga/userware/NT/SYNTHESIS_HEADERS/machxo2.v(1120): </Dynamic>
            <Dynamic>VHI</Dynamic>
            <Navigation>D:/Program Files/lscc/diamond/3.10_x64/ispfpga/userware/NT/SYNTHESIS_HEADERS/machxo2.v</Navigation>
            <Navigation>1120</Navigation>
        </Message>
        <Message>
            <ID>35935014</ID>
            <Severity>Warning</Severity>
            <Dynamic>c:/users/10798/desktop/fpga/dds_demo02/main.v(159): </Dynamic>
            <Dynamic>led_out[5]_66</Dynamic>
            <Navigation>c:/users/10798/desktop/fpga/dds_demo02/main.v</Navigation>
            <Navigation>159</Navigation>
        </Message>
        <Message>
            <ID>35001748</ID>
            <Severity>Warning</Severity>
            <Dynamic>0</Dynamic>
            <Dynamic>curr_enc_st</Dynamic>
        </Message>
        <Message>
            <ID>35001611</ID>
            <Severity>Warning</Severity>
        </Message>
    </Task>
    <Task name="PAR">
        <Message>
            <ID>61001101</ID>
            <Severity>Warning</Severity>
        </Message>
        <Message>
            <ID>61061008</ID>
            <Severity>Warning</Severity>
            <Dynamic>clk_c</Dynamic>
            <Dynamic>Primary</Dynamic>
            <Dynamic>clk</Dynamic>
            <Dynamic>C1</Dynamic>
            <Dynamic>Primary</Dynamic>
        </Message>
    </Task>
</BaliMessageLog>